event_id,run,particle,energy_GeV,charge
135,3,muon,97.21,-1
136,3,photon,58.16,0
137,3,muon,85.41,1
138,3,pion,6.56,1
139,3,muon,24.05,1
140,3,photon,34.38,0
141,3,pion,36.23,-1
142,3,electron,33.12,1
143,3,photon,8.28,0
144,3,electron,2.37,-1
145,3,pion,13.11,1
146,3,pion,2.24,1
147,3,electron,24.32,1
148,3,pion,7.97,-1
149,3,muon,69.83,1
150,3,muon,73.69,1
151,3,electron,12.05,1
152,3,muon,131.26,-1
153,3,electron,1.93,1
154,3,photon,45.15,0
155,3,proton,7.14,1
156,3,photon,7.28,0
157,3,proton,5.37,1
158,3,pion,15.32,-1
159,3,pion,10.07,1
160,3,pion,10.66,-1
161,3,pion,3.87,1
162,3,electron,21.06,1
163,3,muon,151.64,-1
164,3,pion,3.90,1
165,3,muon,61.30,1
166,3,photon,19.55,0
167,3,proton,22.53,1
168,3,pion,11.36,1
169,3,muon,114.05,-1
170,3,photon,45.63,0
171,3,muon,87.41,-1
172,3,photon,12.81,0
173,3,kaon,4.62,-1
174,3,muon,29.20,1
175,3,proton,9.57,1
176,3,proton,8.84,1
177,3,kaon,16.96,-1
178,3,photon,17.46,0
179,3,electron,9.50,1
180,3,electron,17.00,1
181,3,pion,15.75,-1
182,3,kaon,5.33,1
183,3,photon,9.67,0
184,3,kaon,16.07,1
185,3,pion,13.15,1
186,3,electron,14.05,1
187,3,muon,61.17,1
188,3,muon,221.74,-1
189,3,muon,33.89,-1
190,3,electron,60.30,-1
191,3,electron,6.44,1
192,3,kaon,21.89,1
193,3,electron,7.65,-1
194,3,proton,12.91,1
195,3,photon,4.53,0
196,3,muon,104.15,-1
197,3,muon,17.39,-1
198,3,muon,11.08,1
199,3,photon,39.93,0
200,3,kaon,21.15,-1
